{
    "appetite": 8.169925001442312,
    "conditions": 8.169925001442312,
    "diagnosis": 1.6463630453852995,
    "ethnicity": 8.169925001442312,
    "family_history": 8.169925001442312,
    "genital_itching": 8.169925001442312,
    "mood": 8.169925001442312,
    "stomachache": 8.169925001442312,
    "synonyms": 2.678071905112638,
    "thrist": 7.169925001442313,
    "tiredness": 4.584962500721157,
    "urination": 8.169925001442312,
    "vision": 8.169925001442312,
    "vomiting": 4.710493382805016,
    "weight": 5.169925001442312
}