{
    "edema_proteinuria_hypertension_pregnancy": 12.58777751632821,
    "eph": 12.58777751632821,
    "hemolysis_elevated_liver_enzymes_low_platelet_count_syndrome": 12.58777751632821,
    "mild_pre-eclampsia": 12.58777751632821,
    "mild_pre_eclampsia": 12.58777751632821,
    "mild_preeclampsia": 12.58777751632821,
    "oedema_proteinuria_hypertension_pregnancy": 12.58777751632821,
    "pe": 12.58777751632821,
    "pet": 12.58777751632821,
    "pre-eclampsia": 4.987864674141083,
    "pre_eclampsia": 12.58777751632821,
    "pre_eclamptic_toxaemia": 12.58777751632821,
    "preeclampsia": 2.090923738940169,
    "pregnancy_induced_hypertension": 12.58777751632821,
    "proteinuric_hypertension_pregnancy": 12.58777751632821,
    "severe_pre-eclampsia": 10.265849421440848,
    "severe_pre_eclampsia": 12.58777751632821,
    "severe_preeclampsia": 12.58777751632821
}