{
    "diabetes_1": 8.169925001442312,
    "diabetes_i": 8.169925001442312,
    "diabetes_mellitus": 7.169925001442313,
    "diabetes_mellitus_1": 8.169925001442312,
    "diabetes_mellitus_i": 8.169925001442312,
    "diabetes_mellitus_t-1": 8.169925001442312,
    "diabetes_mellitus_t-i": 8.169925001442312,
    "diabetes_mellitus_t1": 8.169925001442312,
    "diabetes_mellitus_ti": 8.169925001442312,
    "diabetes_mellitus_type-1": 8.169925001442312,
    "diabetes_mellitus_type-i": 8.169925001442312,
    "diabetes_mellitus_type_1": 8.169925001442312,
    "diabetes_mellitus_type_i": 8.169925001442312,
    "diabetes_t1": 8.169925001442312,
    "diabetes_type-1": 8.169925001442312,
    "diabetes_type-i": 8.169925001442312,
    "diabetes_type_1": 8.169925001442312,
    "diabetes_type_i": 8.169925001442312,
    "dm": 8.169925001442312,
    "dm_t1": 8.169925001442312,
    "dm_type-i": 8.169925001442312,
    "dm_type_1": 8.169925001442312,
    "dm_type_i": 8.169925001442312,
    "t-1_diabetes_mellitus": 8.169925001442312,
    "t-i_diabetes_mellitus": 8.169925001442312,
    "t1": 8.169925001442312,
    "t1_diabetes": 8.169925001442312,
    "t1_diabetes_mellitus": 8.169925001442312,
    "t1_dm": 8.169925001442312,
    "ti_diabetes_mellitus": 8.169925001442312,
    "type-1_diabetes": 8.169925001442312,
    "type-1_diabetes_mellitus": 8.169925001442312,
    "type-1_dm": 8.169925001442312,
    "type-i_diabetes": 8.169925001442312,
    "type-i_diabetes_mellitus": 8.169925001442312,
    "type-i_dm": 8.169925001442312,
    "type_1_diabetes": 3.921997487998727,
    "type_1_diabetes_mellitus": 8.169925001442312,
    "type_1_diabetic": 3.7104933828050153,
    "type_1_dm": 8.169925001442312,
    "type_i_diabetes": 8.169925001442312,
    "type_i_diabetes_mellitus": 8.169925001442312,
    "type_i_diabetic": 8.169925001442312,
    "type_i_dm": 8.169925001442312
}
