{
    "edema_proteinuria_hypertension_pregnancy": 5.321928094887363,
    "eph": 5.321928094887363,
    "hemolysis_elevated_liver_enzymes_low_platelet_count_syndrome": 5.321928094887363,
    "mild_pre-eclampsia": 5.321928094887363,
    "mild_pre_eclampsia": 5.321928094887363,
    "mild_preeclampsia": 5.321928094887363,
    "oedema_proteinuria_hypertension_pregnancy": 5.321928094887363,
    "pe": 5.321928094887363,
    "pet": 5.321928094887363,
    "pre-eclampsia": 5.321928094887363,
    "pre_eclampsia": 5.321928094887363,
    "pre_eclamptic_toxaemia": 5.321928094887363,
    "preeclampsia": 2.15200309344505,
    "pregnancy_induced_hypertension": 5.321928094887363,
    "proteinuric_hypertension_pregnancy": 5.321928094887363,
    "severe_pre-eclampsia": 5.321928094887363,
    "severe_pre_eclampsia": 5.321928094887363,
    "severe_preeclampsia": 5.321928094887363
}